/*Data for the table `tb_group` */

insert  into `tb_group`(`group_id`,`create_time`,`update_time`,`group_name`) values (1,1526446087334,1526446087334,'测试组一'),(2,1526446096971,1526446096971,'测试组二'),(3,1526446103372,1526446103372,'测试组三'),(4,1526446112635,1526446112635,'测试组四'),(5,1526446120394,1526446120394,'测试组五');

/*Data for the table `tb_user` */

insert  into `tb_user`(`user_id`,`create_time`,`update_time`,`address`,`birth`,`exist`,`gender`,`img_url`,`job_num`,`mate`,`name`,`other`,`pass_time`,`rank`,`retire_time`,`tel1`,`tel2`,`tel3`,`work_time`,`department_id`,`duty_id`,`group_id`,`nation_id`,`politics_id`) values (1,1526446510232,1526446510232,'','2018-05-01',0,0,NULL,'000000','','测试组员0','',NULL,1,'2018-05-12','','','','2018-05-03',1,1,1,1,1),(2,1526446651798,1526446651798,'','1950-01-01',0,0,NULL,'111111','','测试组员1','',NULL,1,'2010-01-01','','','','1970-01-01',1,1,1,1,1),(3,1526446669973,1526446669973,'','1950-01-01',0,0,NULL,'222222','','测试组员2','',NULL,1,'2010-01-01','','','','1970-01-01',1,1,1,1,1),(4,1526446683003,1526446683003,'','1950-01-01',0,0,NULL,'333333','','测定组员3','',NULL,1,'2010-01-01','','','','1970-01-01',1,1,1,1,1),(5,1526446690923,1526446690923,'','1950-01-01',0,0,NULL,'444444','','测定组员4','',NULL,1,'2010-01-01','','','','1970-01-01',1,1,1,1,1),(6,1526446701262,1526446701262,'','1950-01-01',0,0,NULL,'555555','','测定组员5','',NULL,1,'2010-01-01','','','','1970-01-01',1,1,1,1,1),(7,1526446712802,1526446712802,'','1950-01-01',0,0,NULL,'666666','','测定组员6','',NULL,1,'2010-01-01','','','','1970-01-01',1,1,1,1,1),(8,1526446723770,1526446723770,'','1950-01-01',0,0,NULL,'777777','','测定组员7','',NULL,1,'2010-01-01','','','','1970-01-01',1,1,1,1,1),(9,1526446734553,1526446734553,'','1950-01-01',0,0,NULL,'888888','','测定组员8','',NULL,1,'2010-01-01','','','','1970-01-01',1,1,1,1,1),(10,1526446743884,1526446743884,'','1950-01-01',0,0,NULL,'999999','','测定组员9','',NULL,1,'2010-01-01','','','','1970-01-01',1,1,1,1,1),(11,1526446788569,1526446788569,'','1950-01-01',0,0,NULL,'123451','','测定组长1','',NULL,0,'2010-01-01','','','','1970-01-01',1,1,2,1,1),(12,1526446798070,1526446798070,'','1950-01-01',0,0,NULL,'123456','','测定组长6','',NULL,0,'2010-01-01','','','','1970-01-01',1,1,1,1,1),(13,1526446944194,1526446944194,'','1950-01-01',1,0,NULL,'123123','','测试去世人员','','2018-05-01',1,'2010-01-01','','','','1970-01-01',1,1,1,1,1);

/*Data for the table `tb_grouper` */

insert  into `tb_grouper`(`grouper_id`,`create_time`,`update_time`,`can_login`,`email`,`last_time`,`password`,`verify`,`verify_code`,`verify_time`,`user_id`) values (1,1526446806827,1526446806827,0,NULL,NULL,'2a3ffecf3fb098805305a7a0e6d3e680',NULL,NULL,NULL,12),(2,1526446814064,1526446814064,1,NULL,NULL,'2a3ffecf3fb098805305a7a0e6d3e680',NULL,NULL,NULL,11);